{
  "instance": "hinf12",
  "epsilon": 0.1,
  "g": -1.3601413369447464,
  "g_bracket": [
    -1.3601413369447464,
    34.31009335853956
  ],
  "R": 1.1002430233146432,
  "iterations": 100,
  "feasible": true,
  "theta": 0.0454445053869714,
  "z": 1.0952993729381801,
  "omega": 0.0044932349237565405,
  "gibbs_warm_start": true,
  "gibbs_steps_per_iter": [
    0,
    0,
    0,
    0,
    0,
    0,
    0,
    1,
    1,
    6,
    15,
    19,
    20,
    20,
    20,
    21,
    22,
    21,
    22,
    23,
    22,
    24,
    23,
    16,
    29,
    29,
    29,
    30,
    30,
    31,
    31,
    32,
    33,
    34,
    39,
    40,
    43,
    44,
    44,
    44,
    45,
    46,
    45,
    46,
    46,
    46,
    49,
    49,
    50,
    50,
    51,
    51,
    51,
    51,
    52,
    52,
    52,
    52,
    53,
    12,
    38,
    68,
    67,
    67,
    67,
    67,
    67,
    66,
    66,
    66,
    66,
    65,
    65,
    65,
    64,
    64,
    64,
    63,
    63,
    62,
    62,
    61,
    31,
    72,
    71,
    71,
    70,
    69,
    68,
    68,
    9,
    20,
    82,
    81,
    81,
    79,
    79,
    78,
    78,
    76
  ],
  "gibbs_converged_per_iter": [
    true,
    true,
    true,
    true,
    true,
    true,
    true,
    true,
    true,
    true,
    true,
    true,
    true,
    true,
    true,
    true,
    true,
    true,
    true,
    true,
    true,
    true,
    true,
    true,
    true,
    true,
    true,
    true,
    true,
    true,
    true,
    true,
    true,
    true,
    true,
    true,
    true,
    true,
    true,
    true,
    true,
    true,
    true,
    true,
    true,
    true,
    true,
    true,
    true,
    true,
    true,
    true,
    true,
    true,
    true,
    true,
    true,
    true,
    true,
    true,
    true,
    true,
    true,
    true,
    true,
    true,
    true,
    true,
    true,
    true,
    true,
    true,
    true,
    true,
    true,
    true,
    true,
    true,
    true,
    true,
    true,
    true,
    true,
    true,
    true,
    true,
    true,
    true,
    true,
    true,
    true,
    true,
    true,
    true,
    true,
    true,
    true,
    true,
    true,
    true
  ],
  "gap_stride": 1,
  "channel_gap_per_iter": [
    [
      1,
      0.004869432862776413
    ],
    [
      2,
      0.00485368480754067
    ],
    [
      3,
      0.00483403258419568
    ],
    [
      4,
      0.004810561009892633
    ],
    [
      5,
      0.004783381647559537
    ],
    [
      6,
      0.004752628772882073
    ],
    [
      7,
      0.004718455043675518
    ],
    [
      8,
      0.004681027156716255
    ],
    [
      9,
      0.004640521718367707
    ],
    [
      10,
      0.004597121490151235
    ],
    [
      11,
      0.0037992693529128596
    ],
    [
      12,
      0.003760122403197119
    ],
    [
      13,
      0.003719116758539087
    ],
    [
      14,
      0.003676408599837311
    ],
    [
      15,
      0.003632148635044019
    ],
    [
      16,
      0.003586481299327704
    ],
    [
      17,
      0.0035395442492490714
    ],
    [
      18,
      0.003491468095162209
    ],
    [
      19,
      0.0034423763207956926
    ],
    [
      20,
      0.003392385345434845
    ],
    [
      21,
      0.0033416046907417396
    ],
    [
      22,
      0.003290137220892664
    ],
    [
      23,
      0.003238079431786667
    ],
    [
      24,
      0.0027874980673426863
    ],
    [
      25,
      0.002742930644694219
    ],
    [
      26,
      0.0026981555996541395
    ],
    [
      27,
      0.002653237460876423
    ],
    [
      28,
      0.00260823598423765
    ],
    [
      29,
      0.002563206484465619
    ],
    [
      30,
      0.002518200147617611
    ],
    [
      31,
      0.002473264323146318
    ],
    [
      32,
      0.0024284427956291488
    ],
    [
      33,
      0.0023837760364785465
    ],
    [
      34,
      0.0023393014363921605
    ],
    [
      35,
      0.0019397134621839118
    ],
    [
      36,
      0.0019015359851365377
    ],
    [
      37,
      0.0018636839383435744
    ],
    [
      38,
      0.0018261795418137439
    ],
    [
      39,
      0.0017890429690716747
    ],
    [
      40,
      0.0017522924900558179
    ],
    [
      41,
      0.001715944602573738
    ],
    [
      42,
      0.0016800141531727597
    ],
    [
      43,
      0.0016445144486619823
    ],
    [
      44,
      0.0016094573588827377
    ],
    [
      45,
      0.0015748534118796842
    ],
    [
      46,
      0.0015407118818925314
    ],
    [
      47,
      0.001507040870941001
    ],
    [
      48,
      0.0014738473847333289
    ],
    [
      49,
      0.001441137403191961
    ],
    [
      50,
      0.0014089159463346324
    ],
    [
      51,
      0.0013771871356373921
    ],
    [
      52,
      0.0013459542516061074
    ],
    [
      53,
      0.0013152197875849758
    ],
    [
      54,
      0.0012849855003047583
    ],
    [
      55,
      0.0012552524574469537
    ],
    [
      56,
      0.0012260210822400142
    ],
    [
      57,
      0.001197291195660144
    ],
    [
      58,
      0.001169062056144643
    ],
    [
      59,
      0.001141332397117667
    ],
    [
      60,
      0.001067649439689844
    ],
    [
      61,
      0.0008895126153356525
    ],
    [
      62,
      0.0008675097584008862
    ],
    [
      63,
      0.0008459701300109757
    ],
    [
      64,
      0.0008248889785912317
    ],
    [
      65,
      0.0008042612753795808
    ],
    [
      66,
      0.0007840817401937317
    ],
    [
      67,
      0.0007643448657707053
    ],
    [
      68,
      0.0007450449406500859
    ],
    [
      69,
      0.0007261760708373588
    ],
    [
      70,
      0.0007077322001248776
    ],
    [
      71,
      0.0006897071293388013
    ],
    [
      72,
      0.0006720945344267371
    ],
    [
      73,
      0.0006548879834593624
    ],
    [
      74,
      0.0006380809527601894
    ],
    [
      75,
      0.0006216668419627425
    ],
    [
      76,
      0.0006056389881334834
    ],
    [
      77,
      0.0005899906792555809
    ],
    [
      78,
      0.0005747151666167793
    ],
    [
      79,
      0.0005598056765789838
    ],
    [
      80,
      0.0005452554216097694
    ],
    [
      81,
      0.0005310576104741171
    ],
    [
      82,
      0.0005172054579698493
    ],
    [
      83,
      0.000429692297882478
    ],
    [
      84,
      0.00041819674765086745
    ],
    [
      85,
      0.0004070048851125829
    ],
    [
      86,
      0.00039610991810334895
    ],
    [
      87,
      0.000385505116952678
    ],
    [
      88,
      0.00037518381978962623
    ],
    [
      89,
      0.00036513943761384837
    ],
    [
      90,
      0.00035536545869130354
    ],
    [
      91,
      0.000306120562704959
    ],
    [
      92,
      0.00028469049955903714
    ],
    [
      93,
      0.0002768152073102659
    ],
    [
      94,
      0.0002691695804449834
    ],
    [
      95,
      0.0002617475956759874
    ],
    [
      96,
      0.0002545433349757653
    ],
    [
      97,
      0.00024755098707684997
    ],
    [
      98,
      0.00024076484875346083
    ],
    [
      99,
      0.00023417932571290212
    ],
    [
      100,
      0.0002277889333871519
    ]
  ],
  "timing": {
    "total_wall_time": 15.76952520001214,
    "gibbs_time": 1.3165239004883915,
    "gibbs_construction_time": 0.1611207002424635,
    "gibbs_channel_iteration_time": 0.7758046017261222,
    "gibbs_convergence_check_time": 0.3795985985198058,
    "trace_check_time": 0.0028164000250399113,
    "violation_logic_time": 0.0014548000763170421,
    "hamiltonian_update_time": 0.0005531997885555029,
    "result_packaging_time": 2.1199986804276705e-05
  },
  "wall_time": 15.77072390000103
}